Player,Team,GP,W,L,MIN,REB,CON_REB,CON_REB_PCT,REB_CHANCES,REB_CHANCES_PCT,DEFER_REB,ADJ_REB_CHANCE_PCT,AVG_REB_DIST
Aaron Brooks,MIN,32,19,13,5.9,0.5,0.1,17.6,1.1,47.2,0.2,56.7,11.5
Aaron Gordon,ORL,58,19,39,32.9,7.9,2.6,33.5,13.6,58.1,0.7,61.1,6
Aaron Harrison,DAL,9,2,7,25.9,2.7,0.3,12.5,4.7,57.1,0.2,60,11
Aaron Jackson,HOU,1,0,1,34.5,3,1,33.3,7,42.9,0,42.9,7.8
Abdel Nader,BOS,47,32,15,11.1,1.5,0.4,29.6,2.6,57.7,0.2,62.3,7
Adreian Payne,ORL,5,0,5,8.5,1.8,0.6,33.3,3.2,56.3,0,56.3,4.6
Al Horford,BOS,69,44,25,31.5,7.4,2.5,33.9,12.7,57.8,0.6,60.6,6.4
Al Jefferson,IND,36,17,19,13.4,4,1.7,42,7.5,53.2,0.4,55.9,4.5
Al-Farouq Aminu,POR,69,40,29,30,7.6,2.2,29.1,12.9,59.2,0.7,62.4,5.9
Alan Williams,PHX,5,1,4,14.1,4.4,1.2,27.3,9.6,45.8,0,45.8,4
Alec Burks,UTA,64,37,27,16.5,3,0.7,24,5.6,53.3,0.4,57.5,6.5
Alec Peters,PHX,20,2,18,11.2,1.9,0.7,37.8,3,62.7,0.2,67.3,5.6
Alex Abrines,OKC,73,42,31,15.1,1.5,0.4,27,3.3,46.4,0.3,50.5,9.4
Alex Caruso,LAL,37,16,21,15.2,1.8,0.4,21.5,3.4,52.4,0.3,57.5,10.4
Alex Len,PHX,69,20,49,20.2,7.5,3.5,46.3,14,53.7,0.6,55.9,4.4
Alex Poythress,IND,25,10,15,4.2,0.7,0.3,47.1,1.5,45.9,0,47.2,7.2
Alfonzo McKinnie,TOR,14,13,1,3.8,0.5,0.3,57.1,0.9,58.3,0.2,77.8,3.2
Allen Crabbe,BKN,73,24,49,29.2,4.3,0.8,19,7.9,54.4,0.4,57.2,7.3
Amir Johnson,PHI,74,47,27,15.8,4.5,2.3,51.2,9.2,48.3,0.8,53,5.5
Andre Drummond,DET,78,37,41,33.7,16,7.4,46,25.7,62.3,1,64.9,4
Andre Iguodala,GSW,64,46,18,25.4,3.8,0.9,23.6,7.6,50.5,0.6,54.5,8.2
Andre Ingram,LAL,2,1,1,32.1,3,0,0,4,75,0.5,85.7,10.2
Andre Roberson,OKC,37,24,13,26.6,4.6,2,43,9.8,47.5,0.6,50.6,6.5
Andrew Bogut,LAL,24,7,17,9,3.3,1.5,46.2,5.3,61.9,0.3,66.1,5.2
Andrew Harrison,MEM,56,17,39,23.7,2.3,0.4,16,5.8,40.1,0.4,43.1,10
Andrew White III,ATL,15,1,14,13.9,2.3,0.2,8.8,4.5,50,0.3,53.1,7.5
Andrew Wiggins,MIN,82,47,35,36.3,4.4,1.3,29.9,10,43.8,0.6,46.7,7
Ante Zizic,CLE,32,21,11,6.7,1.9,0.9,50,3.7,51.3,0.2,54.5,4.7
Anthony Brown,MIN,1,0,1,3.7,0,0,0,0,0,2,0,0
Anthony Davis,NOP,75,45,30,36.4,11.1,4.6,41.3,18.7,59.3,0.8,62,5.2
Anthony Tolliver,DET,79,37,42,22.2,3.1,0.8,27.4,6.7,45.2,0.5,49,8
Antonio Blakeney,CHI,19,3,16,16.5,1.7,0.2,12.1,3.6,47.8,0.2,50.8,7.1
Antonius Cleveland,ATL,17,7,10,7.2,0.8,0.3,35.7,1.8,45.2,0.2,50,7.1
Aron Baynes,BOS,78,51,27,18.4,5.4,2.4,45.5,10.9,49.4,0.8,53.3,4.6
Arron Afflalo,ORL,53,16,37,12.9,1.2,0.2,19.7,2.4,51.2,0.2,56.4,9.3
Austin Rivers,LAC,61,30,31,33.7,2.4,0.4,18.6,6.3,37.8,0.6,42,9.4
Avery Bradley,LAC,46,22,24,31.2,2.5,0.5,18.1,5.9,42.5,0.6,47.3,7.5
Bam Adebayo,MIA,68,33,35,19.8,5.5,2.4,43.1,9.8,56.7,0.5,59.5,5.8
Ben McLemore,MEM,56,7,49,19.5,2.5,0.4,16.5,5.3,47,0.5,51.9,8
Ben Moore,IND,2,1,1,4.6,0.5,0,0,1,50,0,50,9.7
Ben Simmons,PHI,80,51,29,33.8,8.2,2.2,26.2,13.9,59.2,0.6,61.6,7.4
Bismack Biyombo,ORL,82,25,57,18.2,5.7,2.5,43.2,11.4,50.1,0.5,52.5,4.6
Blake Griffin,DET,58,28,30,34,7.4,2.2,30.4,14.3,51.5,0.9,54.9,5.4
Boban Marjanovic,LAC,39,18,21,8.7,3.7,1.9,50.7,6.5,56.9,0.5,61.3,3.6
Bobby Brown,HOU,20,17,3,5.7,0.4,0,0,0.6,63.6,0.1,70,16.2
Bobby Portis,CHI,73,25,48,22.5,6.8,2.3,33.7,12.1,56.4,0.5,59,5.1
Bogdan Bogdanovic,SAC,78,26,52,27.9,2.9,0.7,25.1,6.3,45.3,0.6,49.7,7.6
Bojan Bogdanovic,IND,80,47,33,30.8,3.4,0.5,15.9,6.6,51.1,0.4,54.3,8
Bradley Beal,WAS,82,43,39,36.3,4.4,1,23.1,9.2,48,0.5,50.5,8.8
Brandan Wright,HOU,28,11,17,13.6,3.4,1.8,52.6,6.4,53.1,0.3,55.9,5.6
Brandon Ingram,LAL,59,27,32,33.5,5.3,1.5,28.7,10.5,50.7,0.6,53.6,6.8
Brandon Jennings,MIL,14,8,6,14.7,2.2,0.2,9.7,4.4,50.8,0.1,52.5,9.2
Brandon Paul,SAS,64,38,26,9,1.1,0.2,19.1,2.3,46.3,0.2,50.4,8.1
Briante Weber,MEM,18,8,10,13.1,1.9,0.3,14.3,3.6,53.8,0.2,56.5,10.1
Brice Johnson,MEM,18,2,16,5.4,1.7,0.8,45.2,2.4,70.5,0.1,72.1,4.8
Brook Lopez,LAL,74,34,40,23.4,4,2,49.7,7.7,51.3,0.5,54.7,6.4
Bruno Caboclo,SAC,12,4,8,8.9,1.8,0.9,50,3.9,46.8,0.3,51.2,5.6
Bryn Forbes,SAS,80,46,34,19,1.4,0.2,14.5,3,45.3,0.3,50.2,10.5
Buddy Hield,SAC,80,27,53,25.3,3.8,0.5,14,7.6,50.2,0.5,53.9,7.8
C.J. Williams,LAC,38,17,21,18.6,1.5,0.3,23.2,3.3,44.4,0.3,48.7,9.7
CJ McCollum,POR,81,48,33,36.1,4,0.7,18.7,8.6,46.1,0.5,49.1,10.2
CJ Miles,TOR,70,50,20,19.1,2.2,0.4,20.4,4.1,53,0.2,55.5,9.9
Caleb Swanigan,POR,27,16,11,7,2,0.9,42.6,4.2,47.4,0.3,51.4,4.1
Cameron Payne,CHI,25,7,18,23.3,2.8,0.5,17.4,6.2,44.8,0.4,47.9,9.9
Caris LeVert,BKN,69,24,45,26.1,3.7,1,25.9,8,46.2,0.6,50,7
Carmelo Anthony,OKC,76,46,30,32,5.8,1.5,25.9,10.9,52.5,0.6,55.7,6
Cedi Osman,CLE,61,35,26,11,2,0.4,18.3,3.4,57.1,0.3,61.9,6.7
Chandler Parsons,MEM,36,12,24,19.2,2.5,0.4,16.7,4.9,51.1,0.3,54.5,7.3
Channing Frye,LAL,53,28,25,13.1,2.5,0.9,34.1,4.7,54,0.5,59.7,5.2
Charles Cooke,NOP,13,8,5,2.9,0.2,0.1,50,0.2,100,0.1,200,7.2
Cheick Diallo,NOP,52,29,23,11.2,4.1,1.5,36,7.6,53.4,0.3,55.7,4.7
Chinanu Onuaku,HOU,1,0,1,21.6,4,2,50,13,30.8,1,33.3,6.1
Chris Boucher,GSW,1,1,0,1.3,1,0,0,1,100,0,100,0.9
Chris McCullough,WAS,19,11,8,4.7,1.3,0.4,28,2.4,55.6,0.3,64.1,5.7
Chris Paul,HOU,58,50,8,31.8,5.4,0.9,16.9,10.7,50.6,0.8,54.8,7.8
Clint Capela,HOU,74,62,12,27.5,10.8,4.4,40.5,18.1,59.7,0.8,62.4,5
Cody Zeller,CHA,33,14,19,19,5.4,2.8,51.4,11.4,47.2,0.4,49,5
Cole Aldrich,MIN,21,14,7,2.3,0.7,0.2,26.7,1.2,60,0.1,65.2,2.9
Corey Brewer,OKC,72,32,40,16.8,2.1,0.5,23.4,4.6,47,0.3,50.8,8.6
Cory Joseph,IND,82,48,34,27,3.2,0.6,18.6,6.6,48.6,0.5,52.5,9.2
Courtney Lee,NYK,75,26,49,30.4,2.9,0.5,16.9,5.6,52.1,0.3,55.4,10.1
Cristiano Felicio,CHI,55,13,42,17.8,4.2,2,47.6,9,47.2,0.5,50.2,5
D'Angelo Russell,BKN,48,16,32,25.7,3.9,0.6,15.3,7.2,54.5,0.4,57.4,8
D.J. Augustin,ORL,75,23,52,23.5,2.1,0.2,10.6,5.1,42.2,0.4,45.7,11.3
D.J. Wilson,MIL,22,12,10,3.2,0.5,0.1,20,0.5,83.3,0,83.3,6.4
Dakari Johnson,OKC,30,21,9,4.9,1,0.6,54.8,2.5,40.8,0.2,44.3,7.2
Damian Jones,GSW,15,7,8,5.9,0.9,0.5,57.1,2.7,35,0.3,40,5
Damian Lillard,POR,73,44,29,36.6,4.5,0.7,16.3,9.6,46.4,0.5,49.2,9.5
Damien Wilkins,IND,19,10,9,8,0.8,0.3,31.3,1.5,55.2,0.2,61.5,7.2
Damion Lee,ATL,15,4,11,27,4.7,0.7,14.1,9.3,51.1,0.4,53.4,7.6
Damyean Dotson,NYK,44,11,33,10.8,1.9,0.3,14.3,3,63.6,0.1,66.1,7.6
Daniel Hamilton,OKC,6,5,1,4.6,0.8,0,0,2.2,38.5,0.3,45.5,3.8
Daniel Theis,BOS,60,41,19,14.9,4.3,2.4,56,8.1,53.2,0.6,57,5
Danilo Gallinari,LAC,21,11,10,32,4.8,1.3,26.7,9.8,49,0.8,53.4,7
Danny Green,SAS,70,40,30,25.6,3.6,0.7,20.9,7.4,48.2,0.5,52,6.9
Dante Cunningham,BKN,73,34,39,21.4,4.1,1.4,33.6,8.2,49.6,0.4,52.3,6.3
Dante Exum,UTA,14,10,4,16.8,1.9,0.5,26.9,4.7,39.4,0.1,40,5.6
Danuel House Jr.,PHX,23,6,17,17.5,3.3,0.7,19.7,5.5,59.8,0.3,63.3,7.4
Dario Saric,PHI,77,49,28,29.6,6.7,2.3,34.3,13.6,49.1,1,52.8,5.6
Darius Miller,NOP,82,48,34,23.7,2,0.5,25,4,50.2,0.4,56.4,9.5
Darrell Arthur,DEN,19,12,7,7.4,0.8,0.5,60,1.9,41.7,0.3,48.4,5
Darren Collison,IND,69,39,30,29.3,2.6,0.2,9.6,5.3,48.2,0.3,51,12.2
Darrun Hilliard,SAS,14,8,6,6.8,0.5,0.1,28.6,1.4,35,0.1,38.9,7.5
David Nwaba,CHI,70,26,44,23.5,4.7,1.3,27.6,9.8,47.7,0.8,51.7,7.1
David Stockton,UTA,3,3,0,3.1,0,0,0,0,0,0.3,0,0
David West,GSW,73,52,21,13.7,3.3,1.5,46.2,6.2,52.9,0.6,58.2,5.7
Davis Bertans,SAS,77,43,34,14.1,2,0.7,35.9,4,50,0.3,53.5,5.5
Davon Reed,PHX,21,2,19,11.5,1.9,0.1,7.7,3.7,50,0.3,54.9,6.5
De'Aaron Fox,SAC,73,24,49,27.7,2.8,0.5,16.7,6.4,43.4,0.4,46.3,9.5
DeAndre Jordan,LAC,77,39,38,31.5,15.2,5.7,37.3,23.9,63.6,0.8,65.8,4.6
DeAndre Liggins,NOP,57,34,23,12.4,1.3,0.4,29.7,2.5,52.9,0.3,59.2,7.1
DeAndre' Bembry,ATL,25,8,17,18.2,2.9,0.7,23.6,5.6,51.1,0.4,54.5,8.1
DeMar DeRozan,TOR,80,57,23,33.9,3.9,0.7,18.4,8.1,48.8,0.5,51.9,9.2
DeMarcus Cousins,NOP,48,27,21,36.2,12.9,5.1,39.7,21,61.1,0.8,63.5,4.5
DeMarre Carroll,BKN,71,24,47,29.9,6.5,2,30.2,13,50.1,0.8,53.4,6.8
Dejounte Murray,SAS,81,47,34,21.5,5.7,1.4,24.8,10.9,51.9,0.7,55.3,6.4
Delon Wright,TOR,69,49,20,20.8,2.9,0.5,18.2,6.4,44.7,0.4,47.7,8.1
Demetrius Jackson,PHI,15,12,3,5.3,0.8,0.2,25,1.2,66.7,0.2,80,10.1
Dennis Schroder,ATL,66,21,45,30.9,3.1,0.4,12.1,7.9,39.5,0.5,42.3,10.2
Dennis Smith Jr.,DAL,69,22,47,29.7,3.8,0.8,20.8,9.8,38.4,0.7,41.5,8
Denzel Valentine,CHI,77,26,51,27.2,5.1,1,20.4,9.4,54.2,0.7,58.7,6.9
Derrick Favors,UTA,77,46,31,28,7.2,3.6,50,13.8,51.8,0.7,54.5,4.8
Derrick Jones Jr.,MIA,20,9,11,12.3,1.9,0.6,31.6,3.4,56.7,0.2,59.4,7.7
Derrick Rose,MIN,25,15,10,16.8,1.4,0.4,31.4,3.1,45.5,0.2,49.3,10.8
Derrick Walton Jr.,MIA,16,8,8,9.2,1,0.2,18.8,2.1,47.1,0.3,55.2,9.9
Derrick White,SAS,17,7,10,8.2,1.5,0.6,38.5,2.6,57.8,0.1,59.1,6.3
Derrick Williams,LAL,2,1,1,4.3,0.5,0,0,1.5,33.3,0,33.3,3.5
Devin Booker,PHX,54,16,38,34.5,4.5,0.6,13.9,9.7,46.7,0.7,50.2,8.4
Devin Harris,DEN,71,33,38,18.9,1.8,0.4,22.8,3.8,47.2,0.3,51.6,9.3
Devin Robinson,WAS,1,0,1,13.2,5,2,40,8,62.5,0,62.5,4.7
Dewayne Dedmon,ATL,61,18,43,24.9,7.9,3,37.6,13.4,58.9,0.4,60.9,4.8
Deyonta Davis,MEM,62,16,46,15.2,4,1.6,39.2,7.3,55.1,0.4,58.5,5.1
Dillon Brooks,MEM,82,22,60,28.7,3.1,0.8,26.5,6.6,47.2,0.4,49.8,7.3
Dion Waiters,MIA,29,15,14,30.8,2.6,0.2,9.2,6.4,40.6,0.4,43.7,9.9
Dirk Nowitzki,DAL,77,24,53,24.7,5.7,2.1,36.1,9.4,60.3,0.7,65.1,4.5
Domantas Sabonis,IND,74,45,29,24.5,7.7,3.4,44.4,14.8,52.3,0.7,55.1,4.7
Donovan Mitchell,UTA,79,46,33,33.4,3.7,0.8,22.6,8.8,42.5,0.5,45.1,9
Dorian Finney-Smith,DAL,21,4,17,21.3,3.6,1.2,33.3,7,51,0.7,56.4,5.7
Doug McDermott,DAL,80,29,51,21.7,2.5,0.8,32.7,5.2,48.3,0.4,52.4,6.5
Dragan Bender,PHX,82,21,61,25.2,4.4,1.2,27.4,8.8,50.1,0.7,54.8,5.2
Draymond Green,GSW,70,48,22,32.7,7.6,2.6,34.2,13.8,55.2,0.7,58.2,5.2
Dwayne Bacon,CHA,53,25,28,13.5,2.3,0.5,22.6,3.9,59.9,0.2,63.6,6.2
Dwight Buycks,DET,29,10,19,14.7,1.4,0.2,14.6,4.3,33.1,0.4,36.3,9.3
Dwight Howard,CHA,81,35,46,30.4,12.5,5.1,40.5,20.9,59.7,1,62.7,3.9
Dwight Powell,DAL,79,23,56,21.2,5.6,2.1,36.7,11,50.9,0.7,54.3,5.7
Dwyane Wade,MIA,67,37,30,22.9,3.8,1.1,29.4,7.9,47.5,0.6,51.7,6.9
E'Twaun Moore,NOP,82,48,34,31.5,2.9,0.7,24.8,6.3,46.2,0.5,50,9.8
Ed Davis,POR,78,48,30,18.9,7.4,3.1,42.4,14.1,52.1,0.8,55.4,4.4
Edmond Sumner,IND,1,0,1,2.2,1,0,0,1,100,0,100,6.5
Ekpe Udoh,UTA,63,36,27,12.9,2.4,1.1,45.3,5.4,43.7,0.4,47.5,6.4
Elfrid Payton,PHX,63,13,50,28.7,4.3,0.9,20.4,9,48.1,0.4,50.2,8.7
Emeka Okafor,NOP,26,16,10,13.6,4.6,1.8,40,9.2,50.2,0.7,54.1,5.5
Emmanuel Mudiay,NYK,64,29,35,19.4,2.4,0.5,21.7,5.2,46.1,0.3,48.7,8.4
Enes Kanter,NYK,70,26,44,25.8,11.1,5,44.9,20.5,54.1,1.1,57.2,4.2
Eric Bledsoe,MIL,74,40,34,31.4,3.8,0.9,23.2,8.6,44.9,0.6,48.1,8.9
Eric Gordon,HOU,69,55,14,31.2,2.5,0.4,15.3,5.2,47,0.3,50.1,10
Eric Moreland,DET,67,32,35,12,4.1,1.7,39.9,8.4,49.6,0.4,52.1,4.2
Erik McCree,UTA,4,4,0,1.9,0.3,0,0,0.3,100,0,100,0.8
Ersan Ilyasova,PHI,69,36,33,25.1,5.9,2.3,40,10.8,54.5,0.5,57.3,5.7
Evan Fournier,ORL,57,20,37,32.2,3.2,0.6,20.6,7.3,43.3,0.5,46.6,8.7
Evan Turner,POR,79,48,31,25.7,3.1,0.9,29.1,6.8,45.4,0.6,50.2,6.3
Frank Kaminsky,CHA,79,35,44,23.2,3.6,0.8,22.9,7.1,51.2,0.6,55.6,6.6
Frank Mason III,SAC,52,17,35,18.9,2.5,0.5,19.2,4.7,53.5,0.2,56.3,9.2
Frank Ntilikina,NYK,77,27,50,22,2.3,0.5,23.9,4.7,49,0.3,52.7,10.3
Fred VanVleet,TOR,76,55,21,20,2.4,0.4,17.4,6,40.4,0.4,42.9,10
Furkan Korkmaz,PHI,14,11,3,5.7,0.8,0,0,0.9,84.6,0,84.6,8.4
Garrett Temple,SAC,65,23,42,24.8,2.3,0.5,20.4,4.8,48.3,0.4,52.1,8.3
Gary Harris,DEN,67,37,30,34.4,2.6,0.5,19.9,5.3,49.3,0.3,51.8,9.5
Gary Payton II,LAL,23,10,13,9.6,1.9,0.6,31.8,3.8,50,0.2,52.4,4.8
George Hill,CLE,67,28,39,27,2.7,0.6,22.7,5.6,48.5,0.4,52.2,10
Georges Niang,UTA,9,9,0,3.5,1,0,0,1.1,90,0,90,10.9
Georgios Papagiannis,POR,17,3,14,7.2,2.2,1.1,51.4,3.6,59.7,0,59.7,4
Gerald Green,HOU,41,33,8,22.7,3.2,0.4,13.5,6.4,50.6,0.3,53,7.5
Gian Clavell,DAL,7,0,7,9.1,1,0.1,14.3,1.3,77.8,0.1,87.5,8.3
Giannis Antetokounmpo,MIL,74,39,35,36.7,10,3.3,32.4,17.2,58.4,0.8,61.1,5.9
Glenn Robinson III,IND,23,14,9,14.7,1.6,0.4,27,3.1,51.4,0.2,54.4,8
Goran Dragic,MIA,74,38,36,31.7,4,0.8,20.1,9.1,44.2,0.7,47.8,9.4
Gordon Hayward,BOS,1,0,1,5.3,1,0,0,4,25,0,25,21.8
Gorgui Dieng,MIN,79,45,34,16.9,4.6,1.7,38.3,7.8,58.1,0.3,60.5,6
Greg Monroe,BOS,50,21,29,20.5,6.9,3.2,47.1,12,57.5,0.6,60.7,4.2
Guerschon Yabusele,BOS,32,23,9,7.3,1.6,0.5,30.8,3.3,50,0.4,56.5,6.8
Harrison Barnes,DAL,77,24,53,34.2,6.1,1.5,24.1,11.4,53.2,0.8,57.5,6.5
Hassan Whiteside,MIA,54,30,24,25.3,11.4,5.2,45.6,19.5,58.8,0.9,61.6,3.8
Henry Ellenson,DET,38,21,17,8.7,2.1,0.6,29.6,3.9,54.7,0.2,58.3,5.5
Ian Clark,NOP,74,43,31,19.7,1.7,0.2,11,3.4,50.2,0.3,55.7,9.5
Ian Mahinmi,WAS,77,42,35,14.9,4.1,1.8,43.9,8.3,48.8,0.6,52.9,5.4
Ike Anigbogu,IND,11,5,6,2.7,0.8,0.5,55.6,1.9,42.9,0.2,47.4,6.8
Iman Shumpert,SAC,14,9,5,19.7,2.9,0.4,14.6,5.1,56.9,0.2,59.4,8.6
Isaiah Canaan,PHX,20,9,11,21.1,2.3,0.5,20,5.4,42.1,0.3,44.6,7.4
Isaiah Hicks,NYK,18,4,14,13.3,2.3,0.8,36.6,5.5,41.4,0.4,44.6,6.2
Isaiah Taylor,ATL,67,18,49,17.4,1.4,0.3,18.1,3.2,44.3,0.3,48.2,10.9
Isaiah Thomas,LAL,32,15,17,26.9,2.1,0.5,22.4,5.1,41.1,0.4,44.4,11.9
Isaiah Whitehead,BKN,15,2,13,10.9,1.4,0.5,38.1,2.5,55.3,0.1,58.3,7.4
Ish Smith,DET,82,39,43,24.9,2.7,0.5,17.4,6.8,39.9,0.6,43.5,8.9
Ivan Rabb,MEM,36,6,30,14.3,4.4,2.3,52.5,8.1,53.9,0.4,56.6,5.4
Ivica Zubac,LAL,43,19,24,9.5,2.9,1.4,48.8,5.4,53.2,0.3,56.9,4
J.J. Barea,DAL,69,23,46,23.2,2.9,0.3,10.4,6.2,47.1,0.4,50.8,9.1
JJ Redick,PHI,69,45,24,30.2,2.5,0.3,10.5,5.2,48,0.4,51.7,10.8
JR Smith,CLE,80,49,31,28.1,2.9,0.6,20,5.4,54.7,0.4,59.2,9.1
JaKarr Sampson,SAC,22,6,16,15.6,3.5,0.9,24.4,7,51,0.5,54.9,4.8
JaMychal Green,MEM,55,11,44,28,8.4,3.3,38.6,14.7,57.2,0.4,58.9,5.2
JaVale McGee,GSW,65,45,20,9.5,2.6,1.4,52.1,5,52.3,0.3,55.4,5.5
Jabari Bird,BOS,13,8,5,8.8,1.5,0.2,15.8,2.5,59.4,0.2,65.5,7
Jabari Parker,MIL,31,16,15,24,4.9,1.3,26.5,9.5,51.2,0.4,53.5,7.3
Jack Cooley,SAC,7,4,3,12.5,4.3,2,46.7,9.7,44.1,0.1,44.8,5
Jacob Pullen,PHI,3,2,1,2,0,0,0,0,0,0,0,0
Jacob Wiley,BKN,4,1,3,8.1,2.8,0.3,9.1,4.3,64.7,0.3,68.8,3.4
Jae Crowder,UTA,80,52,28,26.1,3.4,0.9,25.8,6.8,50.9,0.4,54.3,7.3
Jahlil Okafor,BKN,28,7,21,12.6,3,1.4,45.9,5.9,51.5,0.4,54.8,4.6
Jake Layman,POR,35,22,13,4.6,0.5,0.1,31.3,0.8,57.1,0.1,66.7,6.4
Jakob Poeltl,TOR,82,59,23,18.6,4.8,2.9,60.6,10.6,45.3,0.6,48.2,4.9
Jalen Jones,DAL,16,3,13,11.3,2.4,0.6,26.3,4.3,55.9,0.3,60.3,6.7
Jamal Crawford,MIN,80,45,35,20.7,1.2,0.1,8.1,2.3,54.1,0.1,57.6,12.9
Jamal Murray,DEN,81,46,35,31.7,3.7,0.9,24.6,8.2,44.7,0.5,47.7,8.6
Jameel Warney,DAL,3,1,2,9,3,1.7,55.6,6.3,47.4,0,47.4,4
Jameer Nelson,DET,50,25,25,20.3,2.1,0.3,13.5,4.1,51.2,0.4,56.2,9.2
Jamel Artis,ORL,15,4,11,18.6,2.5,0.7,28.9,5.1,50,0.4,54.3,7.1
James Ennis III,DET,72,25,47,22.3,3.1,1,32.6,6.4,48.3,0.3,50.9,7.3
James Harden,HOU,72,59,13,35.4,5.4,0.9,17.2,10.9,49.7,0.7,52.9,7.6
James Johnson,MIA,72,36,36,26.6,4.9,1.2,24.2,9.5,51.2,0.5,54.1,6.4
James Michael McAdoo,PHI,3,1,2,6,0.7,0.3,50,1,66.7,0,66.7,6.8
James Webb III,BKN,10,1,9,12,2.4,0.5,20.8,4,60,0.7,72.7,5.9
James Young,PHI,6,4,2,10.2,0.3,0,0,0.8,40,0,40,9.4
Jamil Wilson,LAC,15,6,9,18.3,2.1,0.6,28.1,5.4,39.5,0.3,42.1,7.3
Jared Dudley,PHX,48,7,41,14.3,2,0.4,22.3,4.5,43.5,0.4,47.2,7.1
Jarell Eddie,CHI,3,1,2,2.9,0.3,0.3,100,0.3,100,0,100,2.8
Jarell Martin,MEM,73,21,52,22.7,4.4,1.6,37.4,9.9,44,0.6,46.8,5.6
Jarrett Allen,BKN,70,24,46,20,5.4,2.3,42.6,10.9,49.4,0.6,52.4,5.2
Jarrett Jack,NYK,61,25,36,24.8,3,0.2,7.1,5.3,56.8,0.2,59.6,10.6
Jason Smith,WAS,33,15,18,8.6,1.6,0.7,41.5,3,53,0.2,55.8,6
Jason Terry,MIL,51,27,24,16,0.9,0.1,12.5,1.8,53.3,0.1,57.1,11.8
Jawun Evans,LAC,48,24,24,16.2,1.8,0.4,25,4.3,41,0.4,45.7,8.2
Jaylen Brown,BOS,67,44,23,30.6,4.9,1.4,28,9.7,50.8,0.5,53.5,6.7
Jaylen Morris,ATL,6,2,4,16.4,2.7,0.3,12.5,6.3,42.1,0.2,43.2,8.6
Jayson Tatum,BOS,77,50,27,30.7,5.1,1.2,22.9,9.4,53.7,0.5,56.4,6.9
Jeff Green,CLE,78,47,31,23.4,3.2,1.3,42.7,6.5,48.8,0.3,51.3,6.9
Jeff Teague,MIN,70,41,29,33,3,0.3,9.6,6.9,43.5,0.4,46.3,10.4
Jeff Withey,DAL,10,2,8,3.9,1,0.4,40,1.9,52.6,0.1,55.6,4.2
Jerami Grant,OKC,80,48,32,20.3,3.9,1.6,39.4,7.9,49.8,0.4,52.6,6.3
Jeremy Evans,ATL,1,0,1,5.4,1,0,0,1,100,0,100,5.6
Jeremy Lamb,CHA,80,36,44,24.6,4.1,0.9,21.6,7.5,53.9,0.5,58,6.9
Jeremy Lin,BKN,1,0,1,25.2,0,0,0,0,0,1,0,0
Jerian Grant,CHI,74,24,50,22.8,2.3,0.4,16.4,5.4,42.4,0.4,45.8,8.8
Jerryd Bayless,PHI,38,21,17,23.9,2.1,0.2,11.4,4.8,43.4,0.4,47.9,13.1
Jimmy Butler,MIN,59,37,22,36.7,5.3,1.6,29.6,10.7,49.9,0.8,54.2,8.3
Joakim Noah,NYK,7,1,6,5.7,2,1,50,3.6,56,0.3,60.9,3.3
Jodie Meeks,WAS,77,41,36,14.5,1.6,0.2,15.1,2.8,59.2,0.3,65.6,9.8
Joe Harris,BKN,77,26,51,25.3,3.3,0.9,27.5,7.5,44,0.5,47,8.3
Joe Ingles,UTA,82,48,34,31.4,4.2,0.6,14,7,60,0.3,63.1,8.6
Joe Johnson,HOU,55,35,20,21.9,3.1,0.6,20.3,5.5,56.8,0.3,60.1,6.7
Joe Young,IND,53,28,25,10.5,1.2,0.1,9.5,2.2,55.3,0.2,60,11.7
Joel Bolomboy,MIL,6,3,3,6.3,1.7,0.7,40,2.3,71.4,0.2,76.9,5.7
Joel Embiid,PHI,62,41,21,30.3,11,4.8,43.8,19.6,56,1.1,59.2,4.3
Joffrey Lauvergne,SAS,55,30,25,9.7,3.1,1.3,40.9,5.8,53.8,0.3,56.3,4.5
John Collins,ATL,73,21,52,24.1,7.3,3.3,44.8,15.9,46,1,49,4.7
John Henson,MIL,75,39,36,26,6.8,3.3,47.8,12.6,54,0.5,56.2,4.5
John Holland,CLE,24,17,7,7.3,1,0.3,29.2,1.9,53.3,0.1,55.8,9.7
John Wall,WAS,41,23,18,34.4,3.7,0.2,6.7,8.9,41,0.7,44.5,11.3
Johnathan Motley,DAL,11,1,10,16,4.5,1.5,34.7,8.5,52.7,0.4,55.1,5.5
Johnny O'Bryant III,CHA,36,15,21,10.5,2.6,1,39.8,5.7,45.6,0.4,48.7,5
Jon Leuer,DET,8,5,3,17.1,4,1.5,37.5,9.3,43.2,0.6,46.4,4.8
Jonas Jerebko,UTA,74,45,29,15.3,3.3,0.8,24.4,6.5,51,0.4,54.3,5.8
Jonas Valanciunas,TOR,77,56,21,22.4,8.6,3.8,44.7,15.9,53.8,0.8,56.7,3.9
Jonathan Gibson,BOS,4,2,2,10,0.8,0.3,33.3,1.8,42.9,0,42.9,8.8
Jonathan Isaac,ORL,27,11,16,19.8,3.7,1.5,41.4,7.9,46.5,0.5,49.5,4.5
Jonathon Simmons,ORL,69,21,48,29.4,3.5,1,27.6,7.2,47.9,0.4,50.7,8.6
Jordan Bell,GSW,57,43,14,14.2,3.6,1.4,38.2,6.9,52.8,0.4,56.3,5.8
Jordan Clarkson,CLE,81,40,41,23.3,2.7,0.6,23,5.9,45.7,0.4,48.8,8.6
Jordan Crawford,NOP,5,3,2,10.7,0.8,0.4,50,1.6,50,0.2,57.1,13.5
Jordan Mickey,MIA,23,15,8,12.3,3.5,1.5,42,7.8,45.3,0.7,50,4.7
Jose Calderon,CLE,57,33,24,16,1.5,0.2,14.3,2.9,50,0.3,56,9.6
Josh Gray,PHX,5,0,5,17.3,2,0.4,20,4,50,0.2,52.6,8.7
Josh Hart,LAL,63,27,36,23.2,4.2,1.2,29.3,7.9,52.7,0.6,57,7.4
Josh Huestis,OKC,68,43,25,14.2,2.4,0.6,27.5,4.8,49.4,0.3,52.8,7
Josh Jackson,PHX,77,19,58,25.4,4.6,1.3,28.2,9.4,48.3,0.5,51.1,7.6
Josh Magette,ATL,18,3,15,12,1.1,0.2,15.8,2.1,51.4,0.1,54.3,12.1
Josh McRoberts,DAL,2,2,0,2.9,0,0,0,0,0,0,0,0
Josh Richardson,MIA,80,43,37,33.2,3.5,0.7,20.4,8,43.7,0.5,46.6,9.6
Josh Smith,NOP,3,2,1,3.9,1.3,0.3,25,2,66.7,0.3,80,2.5
Jrue Holiday,NOP,81,47,34,36.1,4.5,1.1,24.4,9.7,46.4,0.6,49.6,8.8
Juancho Hernangomez,DEN,25,15,10,11.1,2.2,1,44.4,3.9,55.7,0.3,60,5.6
Julius Randle,LAL,82,35,47,26.7,8,3.1,39.3,14.9,53.5,0.7,56.2,5.4
Julyan Stone,CHA,23,10,13,7.6,1.3,0.2,13.8,1.8,69,0,70.7,6.7
Justin Anderson,PHI,37,27,10,13.9,2.5,0.9,34.8,4.8,51.7,0.4,55.8,7.1
Justin Holiday,CHI,72,24,48,31.5,4,0.7,17.5,7.5,53.6,0.5,57.5,7.5
Justin Jackson,SAC,68,21,47,22.2,2.8,0.6,20.9,4.9,56.5,0.2,58.8,7.5
Justin Patton,MIN,1,0,1,3.7,0,0,0,0,0,0,0,0
Justise Winslow,MIA,67,32,35,24.7,5.4,2,36.5,11.5,47.3,0.8,51,6
Jusuf Nurkic,POR,79,48,31,26.4,9,4.2,46.8,17.8,50.2,1,53.3,4.3
Kadeem Allen,BOS,18,9,9,6,0.6,0.2,27.3,1.4,42.3,0.1,44,6.6
Karl-Anthony Towns,MIN,82,47,35,35.6,12.3,5.5,44.6,21.4,57.8,1,60.7,4.8
Kawhi Leonard,SAS,9,5,4,23.3,4.7,1.6,33.3,8,58.3,0.3,60.9,7.4
Kay Felder,DET,16,6,10,8.7,1.1,0.2,16.7,1.9,58.1,0,58.1,9.9
Kelly Olynyk,MIA,75,41,34,23.3,5.7,2.3,40.8,10.9,52.3,0.6,55.2,5.1
Kelly Oubre Jr.,WAS,81,43,38,27.5,4.5,1.4,30.9,9.1,49.1,0.5,52,5.7
Kemba Walker,CHA,80,36,44,34.2,3.1,0.4,13.3,8.2,37.7,0.8,42,9.8
Kendrick Perkins,CLE,1,0,1,14.5,1,0,0,5,20,1,25,3.7
Kenneth Faried,DEN,32,16,16,14.4,4.8,2.5,52.3,9.1,52.6,0.2,53.7,4.9
Kent Bazemore,ATL,64,19,45,27.5,3.8,0.8,20,8.5,44.8,0.7,49,7.4
Kentavious Caldwell-Pope,LAL,74,31,43,33.2,5.2,1.1,21.7,9.5,54.9,0.6,58.6,7.3
Kevin Durant,GSW,68,49,19,34.2,6.8,1.9,28.4,11.7,58.5,0.7,62,6.6
Kevin Love,CLE,59,37,22,28,9.3,3.6,39.4,15.6,59.3,0.7,61.9,4.7
Kevon Looney,GSW,66,45,21,13.8,3.3,1.7,52.6,6.6,49.7,0.3,51.7,6
Khem Birch,ORL,42,14,28,13.8,4.3,2,45.6,7.3,58.4,0.3,60.8,5
Khris Middleton,MIL,81,44,37,36.4,5.3,1.2,23.7,9.8,53.8,0.6,57.2,7.4
Klay Thompson,GSW,73,55,18,34.3,3.8,1.1,28.9,7.6,50.2,0.5,53.9,8.2
Kobi Simmons,MEM,32,6,26,20.1,1.6,0.3,18,3.5,45,0.2,47.6,9.8
Kosta Koufos,SAC,71,22,49,19.6,6.6,2.6,39.4,10.9,61.1,0.4,63.4,4.8
Kris Dunn,CHI,52,19,33,29.3,4.3,0.7,16.3,9.7,43.9,1,48.8,7.6
Kristaps Porzingis,NYK,48,22,26,32.4,6.6,2.4,35.8,12.6,52.3,0.6,54.8,5.7
Kyle Anderson,SAS,74,41,33,26.7,5.4,1.6,30.1,8.8,60.9,0.5,64.4,6.3
Kyle Collinsworth,DAL,32,9,23,15,3.3,1,29,6.6,51,0.3,53.5,5.7
Kyle Korver,CLE,73,43,30,21.6,2.3,0.5,23,4.6,48.8,0.4,53.9,8.3
Kyle Kuzma,LAL,77,34,43,31.2,6.3,1.9,30.6,11.8,53,0.8,56.8,5.8
Kyle Lowry,TOR,78,57,21,32.2,5.6,1.2,21,11.9,46.8,0.9,50.7,8.3
Kyle O'Quinn,NYK,76,27,49,17.9,6.1,2.8,45.8,11.4,53.6,0.5,56.3,4.5
Kyle Singler,OKC,11,5,6,3.3,0.6,0.1,14.3,1.2,53.8,0.1,58.3,7
Kyrie Irving,BOS,57,38,19,32.2,3.8,0.8,20.1,8.8,42.6,0.7,46.3,8.9
LaMarcus Aldridge,SAS,75,45,30,33.4,8.5,3.9,46.5,15.5,54.6,0.7,57.4,5.9
Lance Stephenson,IND,82,48,34,22.6,5.2,1.1,21.2,9.1,56.6,0.4,59.2,6
Lance Thomas,NYK,72,24,48,18.4,2.4,0.7,28.3,4.9,48.9,0.3,52,8.3
Langston Galloway,DET,58,28,30,14.9,1.6,0.2,9.8,3.3,48.7,0.2,52,10.3
Larry Drew II,NOP,10,6,4,7,0.3,0.1,33.3,0.8,37.5,0.2,50,9.2
Larry Nance Jr.,CLE,66,32,34,21.5,6.8,2.9,42.5,12.3,55.9,0.6,58.7,5.7
Lauri Markkanen,CHI,68,23,45,29.7,7.5,2.2,28.9,12,62.2,0.5,65.1,5.4
LeBron James,CLE,82,50,32,36.9,8.6,2.1,24.1,14.5,59.8,0.6,62.3,6
London Perrantes,CLE,14,8,6,4.7,0.3,0.1,50,0.7,40,0.2,57.1,8.6
Lonzo Ball,LAL,52,24,28,34.2,6.9,1.7,24.2,12.7,54.5,0.6,57.2,7.1
Lorenzo Brown,TOR,14,9,5,9.9,1.1,0.4,33.3,1.4,75,0.2,88.2,6.7
Lou Williams,LAC,79,42,37,32.8,2.5,0.5,19.7,6,41.9,0.3,44,11.1
Luc Mbah a Moute,HOU,61,52,9,25.6,3,1.1,36,7.1,42.8,0.9,48.6,7.9
Lucas Nogueira,TOR,49,36,13,8.5,1.8,0.7,40.2,3.3,53,0.3,58,4.9
Luis Montero,DET,2,1,1,4,1,1,100,2.5,40,0.5,50,3.3
Luke Babbitt,MIA,49,15,34,14.1,1.9,0.5,24.5,4,48.5,0.3,52.5,7
Luke Kennard,DET,73,34,39,20,2.4,0.5,18.8,4.7,51.6,0.3,55.3,9.1
Luke Kornet,NYK,20,6,14,16.3,3.2,1.5,46.9,7.7,41.6,0.5,44.1,5.2
Luol Deng,LAL,1,0,1,13.1,0,0,0,0,0,1,0,0
Malachi Richardson,TOR,26,8,18,12.4,1.3,0.3,26.5,2.3,56.7,0.2,60.7,7
Malcolm Brogdon,MIL,47,25,22,29.8,3.2,0.7,22,7.1,44.9,0.5,48.4,8.4
Malcolm Delaney,ATL,53,16,37,18.7,1.9,0.4,19.2,4.2,45,0.3,49,9
Malcolm Miller,TOR,15,15,0,8.4,1,0.3,26.7,2.1,46.9,0.3,53.6,9.7
Malik Beasley,DEN,62,34,28,9.4,1.1,0.3,23.9,2,58.2,0.1,60.2,8.8
Malik Monk,CHA,63,26,37,13.5,1,0.2,15.2,2,51.2,0.1,53.7,9.9
Mangok Mathiang,CHA,4,3,1,4.9,2.5,1,40,4.8,52.6,0.5,58.8,7.1
Manu Ginobili,SAS,65,39,26,20,2.2,0.6,27.5,5,43.6,0.3,46.6,7.4
MarShon Brooks,MEM,7,2,5,27.5,3,0.3,9.5,7.3,41.2,0.6,44.7,12.4
Marc Gasol,MEM,73,21,52,33,8.1,2.9,35.6,14.2,57,0.8,60.3,5.2
Marcin Gortat,WAS,82,43,39,25.3,7.6,2.6,33.7,15.1,50.3,1.1,54.2,4.9
Marco Belinelli,PHI,79,39,40,24.3,1.9,0.3,13.6,4.6,40.5,0.3,43.4,9.5
Marcus Georges-Hunt,MIN,42,24,18,5.3,0.4,0.1,25,0.6,64,0.1,76.2,9.9
Marcus Morris Sr.,BOS,52,32,20,26.8,5.3,1.5,27.8,10.3,51.7,0.6,54.6,6.1
Marcus Paige,CHA,5,4,1,5.6,0.8,0,0,0.8,100,0,100,9.6
Marcus Smart,BOS,51,35,16,30.1,3.6,1.1,30.8,8.3,42.8,0.5,45.5,8.4
Mario Chalmers,MEM,66,21,45,21.5,2.4,0.3,14.6,5.7,41.9,0.4,44.9,9.7
Mario Hezonja,ORL,75,21,54,22.1,3.7,0.9,24.9,7,53.6,0.3,56.3,6.8
Markel Brown,HOU,4,4,0,7.9,1.3,0.3,20,3.3,38.5,0,38.5,8.6
Markelle Fultz,PHI,14,11,3,18.1,3.1,0.7,23.3,7,43.9,0.3,45.7,7.7
Markieff Morris,WAS,73,37,36,27,5.6,1.9,34.5,10.3,54.3,0.5,57,6
Marquese Chriss,PHX,72,19,53,21.2,5.5,2.1,37.5,10.2,54,0.6,57.1,4.8
Marquis Teague,MEM,3,0,3,24.6,2,0,0,4.3,46.2,0,46.2,13.1
Marreese Speights,ORL,52,15,37,13,2.6,1,39.8,5.4,47.2,0.3,50.4,5.3
Marshall Plumlee,MIL,8,5,3,6.5,2.1,1.1,52.9,4.4,48.6,0.3,51.5,4.5
Marvin Williams,CHA,78,33,45,25.7,4.7,1.4,29.2,8.4,56.3,0.6,60.4,7.3
Mason Plumlee,DEN,74,40,34,19.5,5.4,2.3,41.8,10.8,50.1,0.5,52.5,4.9
Matt Costello,SAS,4,2,2,8,2.3,1.3,55.6,3.8,60,0.3,64.3,4.7
Matt Williams Jr.,MIA,3,1,2,3.8,0.3,0,0,0.7,50,0,50,3.7
Matthew Dellavedova,MIL,37,21,16,18.7,1.7,0.3,17.7,3.9,42.8,0.4,47.7,10.3
Maurice Harkless,POR,59,36,23,21.4,2.7,1.1,38.9,5.9,46.3,0.3,49.1,6.4
Maxi Kleber,DAL,72,20,52,16.8,3.3,1.3,40.6,6.3,51.8,0.4,55.1,6
Meyers Leonard,POR,33,17,16,7.7,2.1,0.8,37.1,3.2,65.4,0.2,70,4.9
Michael Beasley,NYK,73,23,50,22.1,5.6,2.1,37.4,9.6,58.2,0.5,61.1,4.8
Michael Carter-Williams,CHA,52,23,29,16.1,2.7,0.6,21,5.6,47.3,0.3,50,8.4
Michael Kidd-Gilchrist,CHA,74,34,40,25,4.1,1.2,30.1,8.6,47.2,0.6,50.7,8.2
Mike Conley,MEM,12,7,5,31.1,2.3,0.1,3.7,5.3,42.9,0.7,49.1,10.8
Mike James,NOP,36,11,25,19.1,2.5,0.3,12.2,5.9,42.5,0.4,45.9,9.7
Mike Muscala,ATL,53,14,39,20,4.3,2,46.1,8.3,52.4,0.4,55,5.6
Mike Scott,WAS,76,39,37,18.5,3.3,1,29.6,6,54.3,0.3,57.2,6.1
Miles Plumlee,ATL,55,19,36,16.7,4.1,1.7,41.2,9.2,44.9,1,50.1,5.7
Milos Teodosic,LAC,45,29,16,25.2,2.8,0.4,15.1,6.9,40.6,0.5,43.9,9
Milton Doyle,BKN,10,2,8,12.5,1.8,0.2,11.1,4,45,0.5,51.4,8.7
Mindaugas Kuzminskas,NYK,1,0,1,1.9,0,0,0,0,0,1,0,0
Mirza Teletovic,MIL,9,4,5,15.8,2.2,0.2,10,4.7,47.6,0.1,48.8,5.3
Monte Morris,DEN,3,2,1,8.4,0.7,0,0,1.3,50,0.3,66.7,16.7
Montrezl Harrell,LAC,76,39,37,17,4,1.9,47.7,7.9,51.3,0.4,54,5.9
Myke Henry,MEM,20,3,17,18.9,1.9,0.6,28.9,4.8,39.6,0.6,45.2,9.3
Myles Turner,IND,65,39,26,28.2,6.4,2.9,45.8,13.2,48.6,0.9,52.1,4.8
Nate Wolters,UTA,5,3,2,3.8,0.4,0,0,0.4,100,0,100,13.4
Naz Mitrou-Long,UTA,1,0,1,0.5,0,0,0,0,0,0,0,0
Nemanja Bjelica,MIN,67,38,29,20.5,4.1,1.5,37.2,7.3,56.4,0.4,59.8,5.9
Nene,HOU,52,42,10,14.6,3.4,1.4,40.3,7.1,48,0.4,50.9,5.1
Nerlens Noel,DAL,30,6,24,15.7,5.6,2.6,47,10.2,54.7,0.7,58.9,4.2
Nick Collison,OKC,13,9,4,4.4,1.2,0.2,18.8,2.5,48.5,0.2,51.6,4.4
Nick Young,GSW,80,56,24,17.4,1.6,0.3,20.8,3.1,50.6,0.2,54.3,10.1
Nicolas Batum,CHA,64,27,37,31,4.8,1.1,23.5,8.3,57.4,0.5,61.4,7.1
Nicolas Brussino,ATL,4,0,4,2.5,0.8,0,0,0.8,100,0,100,7
Nigel Hayes,SAC,9,6,3,13.6,2.4,0.9,36.4,3.8,64.7,0,64.7,7.7
Nik Stauskas,BKN,41,14,27,12.8,1.6,0.2,12.5,2.8,55.2,0.2,58.7,7.1
Nikola Jokic,DEN,75,43,32,32.6,10.7,4.6,43.2,17.5,61.2,0.7,63.9,4.5
Nikola Mirotic,NOP,55,34,21,27.2,7.4,2.2,29.6,12,61.3,0.6,64.7,5.4
Nikola Vucevic,ORL,57,17,40,29.5,9.2,3.9,42.6,14.6,63,0.7,66,4.5
Noah Vonleh,CHI,54,24,30,16.2,5.8,2.5,42.8,9.9,58.1,0.4,60.3,4.3
Norman Powell,TOR,70,51,19,15.2,1.7,0.4,21.8,3.3,51.7,0.3,56.9,7.4
OG Anunoby,TOR,74,51,23,20,2.5,0.7,28.8,4.5,55.8,0.3,59.9,7
Okaro White,CLE,6,2,4,13.3,1.8,0.8,45.5,4.3,42.3,0.3,45.8,6
Omari Johnson,MEM,4,1,3,18.8,2.8,1,36.4,7,39.3,0.8,44,7.5
Omer Asik,CHI,18,7,11,10.1,2.6,0.8,31.9,4.7,56,0.5,62.7,4.8
Omri Casspi,GSW,53,40,13,14,3.8,0.9,25,7.1,53.5,0.5,57.5,4.5
Otto Porter Jr.,WAS,77,42,35,31.6,6.4,2,31.1,12.1,52.8,0.6,55.7,7
P.J. Dozier,OKC,2,1,1,1.6,0.5,0,0,0.5,100,0,100,6.6
P.J. Tucker,HOU,82,65,17,27.8,5.6,1.8,31.9,10.3,53.9,0.6,57.1,6.5
Pascal Siakam,TOR,81,59,22,20.7,4.5,1.6,36.3,8.6,52.5,0.4,55.3,6.3
Pat Connaughton,POR,82,49,33,18.1,2,0.4,21.7,3.9,50.8,0.4,56.7,9.2
Patrick Beverley,LAC,11,5,6,30.3,4.1,0.9,22.2,8.9,45.9,0.4,47.9,9.1
Patrick McCaw,GSW,57,41,16,16.9,1.4,0.3,18.3,3.2,45.1,0.1,47.1,9
Patrick Patterson,OKC,80,48,32,15.3,2.3,0.8,35.5,4.7,50,0.3,53.3,6.4
Patty Mills,SAS,82,47,35,25.7,1.9,0.2,11.7,4,46.8,0.3,50.2,12.3
Pau Gasol,SAS,77,45,32,23.5,8,3.3,40.5,13.7,58.6,0.7,61.6,4.5
Paul George,OKC,78,47,31,36.6,5.6,1.3,23.1,11.7,47.8,0.8,51.3,8.1
Paul Millsap,DEN,38,22,16,30.1,6.4,2.6,40,12.4,52.1,0.8,55.7,6.1
Paul Zipser,CHI,54,17,37,15.3,2.4,0.7,27.5,4.9,50,0.4,54.1,5.4
Quincy Acy,BKN,68,25,43,19.5,3.7,0.8,22.5,7.3,50.9,0.5,54.4,6
Quincy Pondexter,CHI,23,6,17,8.5,1.2,0.3,29.6,2.5,47.4,0.3,52.9,7.7
Quinn Cook,GSW,33,21,12,22.4,2.5,0.3,13.4,6.2,40.4,0.4,43.4,10.1
RJ Hunter,HOU,5,3,2,9,1,0.4,40,1.4,71.4,0.4,100,7.8
Rajon Rondo,NOP,65,41,24,26.2,4,0.6,14.1,8.8,46.2,0.4,48.7,8.7
Ramon Sessions,WAS,28,10,18,14,1.4,0,2.6,2.6,52.8,0.1,55.9,10.2
Rashad Vaughn,ORL,28,13,15,7.6,0.8,0.2,23.8,1.5,51.2,0.1,55.3,9.8
Raul Neto,UTA,41,28,13,12.2,1.2,0.1,6.1,3,40.2,0.2,43.8,10.6
Raymond Felton,OKC,80,48,32,16.7,1.9,0.4,19.7,3.9,48.6,0.4,53.5,9.3
Reggie Bullock,DET,62,32,30,27.9,2.5,0.7,28.6,5,49.2,0.4,53.1,9.2
Reggie Hearn,DET,3,3,0,2.2,0,0,0,0,0,0,0,0
Reggie Jackson,DET,45,27,18,26.7,2.8,0.5,17.6,6.6,41.8,0.7,46.8,9.7
Richard Jefferson,DEN,20,10,10,8.2,0.9,0.2,23.5,2,43.6,0.3,50,6.4
Richaun Holmes,PHI,47,30,17,15.5,4.4,1.9,43,9,49.2,0.5,51.9,5.7
Ricky Rubio,UTA,77,44,33,29.3,4.6,0.7,15.7,9.1,50,0.5,53.2,9.3
Robert Covington,PHI,79,51,28,31.7,5.4,1.5,27.7,11.1,49.1,0.9,53.4,7.4
Robin Lopez,CHI,64,23,41,26.4,4.5,2.5,54.1,10.7,42.2,1,46.5,5.4
Rodney Hood,CLE,60,29,31,26.9,2.8,0.4,12.7,5.6,49.4,0.4,52.9,9.3
Rodney McGruder,MIA,18,11,7,16.6,1.8,0.3,15.2,4.5,40.7,0.2,42.9,6.6
Rodney Purvis,ORL,16,5,11,18.1,1.7,0.2,11.1,3.5,48.2,0.1,49.1,7
Ron Baker,NYK,28,11,17,13.1,1,0.2,17.2,2.3,45.3,0.1,47.5,11.1
Rondae Hollis-Jefferson,BKN,66,25,41,28,6.8,2.6,38,13.5,50.2,0.9,53.9,5.2
Royce O'Neale,UTA,69,43,26,16.7,3.4,1.1,31.4,5.8,59.1,0.4,63.4,5.7
Rudy Gay,SAS,57,36,21,21.6,5.1,1.8,34.7,9.9,51.8,0.7,55.5,5.7
Rudy Gobert,UTA,56,37,19,32.4,10.7,4.3,39.9,21.2,50.6,1.2,53.8,4.1
Russell Westbrook,OKC,78,47,31,36.4,10.1,2.2,21.5,17.6,57.5,0.8,60.1,7.3
Ryan Anderson,HOU,66,52,14,26.1,5,2.2,43.8,9.4,53.1,0.5,56.2,6.1
Ryan Arcidiacono,CHI,24,6,18,12.7,1,0.1,8,1.9,55.6,0.1,58.1,8.4
Salah Mejri,DAL,61,21,40,11.9,4,2,49.2,7.8,51.7,0.4,54.7,5.1
Sam Dekker,LAC,73,36,37,12.1,2.4,0.8,33.3,4.8,49.4,0.3,53.2,6.3
Scotty Hopson,DAL,1,0,1,8.4,0,0,0,0,0,0,0,0
Sean Kilpatrick,CHI,52,22,30,12.3,1.7,0.2,11.5,3.1,54,0.3,60,8
Semi Ojeleye,BOS,70,47,23,16.2,2.3,0.8,35.6,4.3,52.6,0.3,56.3,8.7
Serge Ibaka,TOR,76,53,23,27.5,6.3,2,32.4,11.9,53,0.8,56.8,4.6
Shabazz Muhammad,MIL,43,25,18,9.7,1.8,0.8,44.7,3.3,52.8,0.1,55.1,4.7
Shabazz Napier,POR,74,46,28,20.7,2.3,0.3,11.8,5.5,42.1,0.5,46.1,9.4
Shane Larkin,BOS,51,36,15,14.6,1.8,0.3,17.8,3.5,50.8,0.3,54.9,8.9
Shaquille Harrison,PHX,23,3,20,16.7,2.7,0.6,21.3,6,43.9,0.3,45.9,9
Shaun Livingston,GSW,71,49,22,15.9,1.8,0.5,25.2,3.7,49.2,0.3,53.9,9.1
Shelvin Mack,ORL,69,21,48,19.8,2.4,0.3,10.8,4.8,50.5,0.3,54.4,9.9
Sindarius Thornwell,LAC,73,36,37,15.8,1.9,0.6,30,4.2,45.6,0.4,49.8,8.2
Skal Labissiere,SAC,60,19,41,20.7,4.8,2.1,43.9,9.7,49.1,0.7,52.7,5.6
Solomon Hill,NOP,12,8,4,15.6,3,0.8,25,5.4,55.4,0.4,60,7.6
Spencer Dinwiddie,BKN,78,27,51,28.9,3.2,0.5,16.3,6.2,52.1,0.3,54.7,9.3
Stanley Johnson,DET,69,33,36,27.4,3.7,0.9,25,7.5,48.9,0.5,52.6,7.7
Stephen Curry,GSW,51,41,10,32,5.1,1,18.8,10.8,47.5,0.7,50.9,9.1
Sterling Brown,MIL,54,26,28,14.4,2.6,0.6,23.1,4.6,57,0.4,62.4,7.3
Steven Adams,OKC,75,43,32,32.8,8.9,4.9,55.3,18.3,48.8,0.9,51.3,5.4
T.J. Leaf,IND,53,31,22,8.7,1.5,0.5,35.4,3.2,49.1,0.2,52.9,6.4
T.J. McConnell,PHI,75,50,25,22.4,3,0.5,15.3,5.7,52.2,0.3,55.2,10
T.J. Warren,PHX,65,18,47,33,5.1,2.4,45.9,10.1,50.5,0.4,52.9,7.6
Taj Gibson,MIN,82,47,35,33.2,7.1,2.8,39.4,14.5,49.2,0.7,51.9,5.9
Tarik Black,HOU,51,40,11,10.5,3.2,1.5,47.2,6,53.3,0.3,56.2,5.2
Taurean Prince,ATL,81,24,57,30,4.7,1.1,22.7,9.1,52.3,0.7,56.6,7.3
Terrance Ferguson,OKC,59,37,22,12.6,0.8,0.3,34,1.6,49,0.1,53.4,12.3
Terrence Ross,ORL,24,10,14,25,3,0.5,15.1,6,51,0.3,54.1,9.2
Terry Rozier,BOS,77,51,26,26,4.7,1.1,23.6,9.1,51.2,0.7,55.5,7.7
Thabo Sefolosha,UTA,38,16,22,21.2,4.2,1.3,29.8,7.7,54.8,0.5,58.8,6.7
Thaddeus Young,IND,81,48,33,32.2,6.3,2.6,40.4,12.4,50.8,0.6,53.3,6.2
Thomas Bryant,LAL,15,7,8,4.8,1.1,0.5,41.2,1.7,65.4,0.1,70.8,5.5
Thon Maker,MIL,73,40,33,16.8,3,1.2,40.5,7,43.6,0.5,47.1,6.6
Tim Frazier,WAS,59,31,28,14.2,1.9,0.3,14.8,4.1,47.9,0.4,53.5,9.5
Tim Hardaway Jr.,NYK,57,19,38,33.1,3.9,0.6,15.6,8.9,44.4,0.6,47.4,9
Tim Quarterman,HOU,3,2,1,4.2,1,0.7,66.7,1.3,75,0,75,6.1
Timofey Mozgov,BKN,29,11,18,11.9,3.2,1.4,44.7,6.1,52.8,0.4,56.6,4.5
Timothe Luwawu-Cabarrot,PHI,51,29,22,15.6,1.4,0.3,22.2,3.9,36.4,0.3,39.8,8.6
Tobias Harris,LAC,80,39,41,33.3,5.5,1.6,29.3,11.4,48,0.8,51.5,6.1
Tomas Satoransky,WAS,73,39,34,22.5,3.2,0.9,28.8,6.6,48.5,0.4,51.7,9.4
Tony Allen,NOP,22,12,10,12.4,2.1,0.6,29.8,4.2,51.1,0,51.6,6.1
Tony Bradley,UTA,9,6,3,3.2,1.2,0.8,63.6,2,61.1,0.3,73.3,3.4
Tony Parker,SAS,55,32,23,19.5,1.7,0.2,11.6,3.4,50.3,0.3,54.9,10.3
Tony Snell,MIL,74,42,32,27.4,1.9,0.3,13.6,4.2,44.9,0.4,49.1,9.4
Torrey Craig,DEN,39,22,17,16.1,3.3,1.2,37.8,6.5,50.2,0.4,53.6,6.8
Travis Wear,LAL,17,7,10,13.4,2.2,0.8,36.8,4.1,55.1,0.5,62.3,6.6
Treveon Graham,CHA,63,28,35,16.7,1.9,0.8,41.3,4.5,42.9,0.3,46.4,7.5
Trevor Ariza,HOU,67,51,16,33.9,4.4,1,22.8,8.5,51.6,0.6,55.4,7.6
Trevor Booker,IND,67,36,31,17.1,4.7,2,41.6,9.6,49.1,0.6,52.3,5.2
Trey Burke,NYK,36,10,26,21.8,2,0.3,14.1,4,49,0.3,53,10.7
Trey Lyles,DEN,73,41,32,19.1,4.8,1.6,34.6,8.5,56.2,0.5,59.4,4.9
Trey McKinney-Jones,IND,1,1,0,1.2,0,0,0,0,0,0,0,0
Tristan Thompson,CLE,53,27,26,20.2,6.6,2.4,36.1,12.3,54.1,0.7,57.2,5.3
Troy Daniels,PHX,79,20,59,20.5,1.6,0.4,23.6,3.4,47,0.4,52.5,8.2
Troy Williams,NYK,21,7,14,14.6,3,0.9,28.6,5.4,55.8,0.2,57.8,6
Tyler Cavanaugh,ATL,38,11,27,13.2,3.3,1.3,41.1,6.5,50.4,0.3,52.5,4.9
Tyler Dorsey,ATL,56,15,41,17.4,2.3,0.3,13.1,5.2,44.8,0.4,49.1,8
Tyler Ennis,LAL,54,22,32,12.7,1.8,0.3,16.8,3.4,51.1,0.2,53.7,7.9
Tyler Johnson,MIA,71,38,33,28.5,3.4,0.8,24.6,7.5,45.9,0.6,49.9,8.1
Tyler Lydon,DEN,1,1,0,2.2,0,0,0,0,0,0,0,0
Tyler Ulis,PHX,71,20,51,23.4,1.8,0.2,10.9,4.2,42.8,0.3,45.9,12.5
Tyler Zeller,MIL,64,26,38,16.7,4.5,1.8,39.3,9,50.4,0.5,53.5,5.5
Tyreke Evans,MEM,52,19,33,30.9,5.1,1.4,27.5,11.1,45.8,0.6,48.6,7.5
Tyrone Wallace,LAC,30,17,13,28.4,3.5,0.8,22.9,7.4,47.5,0.5,51.2,9.3
Tyson Chandler,PHX,46,15,31,25,9.1,3.9,42.6,15.6,58.1,0.8,61.5,4.4
Tyus Jones,MIN,82,47,35,17.9,1.6,0.2,12.9,3.3,49.4,0.3,53.9,10.5
Udonis Haslem,MIA,14,9,5,5.1,0.7,0.1,20,1.3,55.6,0.1,62.5,5.8
Vander Blue,LAL,5,1,4,9,0.2,0,0,0.4,50,0.2,100,7.2
Victor Oladipo,IND,75,48,27,34,5.2,1.4,26.4,11.3,45.9,0.8,49.3,7.2
Vince Carter,SAC,58,20,38,17.7,2.6,0.8,32.4,5.5,46.4,0.4,49.8,5.5
Vincent Hunter,MEM,4,0,4,1.8,0.8,0.8,100,1,75,0,75,3.9
Wade Baldwin IV,POR,7,4,3,11.5,1.1,0,0,2,57.1,0.1,61.5,10.3
Walt Lemon Jr.,NOP,5,4,1,7,0.4,0,0,0.4,100,0,100,13.5
Wayne Ellington,MIA,76,41,35,26.6,2.8,0.4,12.6,5.2,54.3,0.4,58.4,9
Wayne Selden,MEM,35,10,25,19.8,1.6,0.4,23.2,3.3,47.9,0.3,51.9,12.7
Wes Iwundu,ORL,62,18,44,16.5,2.2,0.7,32.1,4.7,47.2,0.5,53.3,6.3
Wesley Johnson,LAC,74,38,36,20.1,2.9,0.7,24.1,5.5,53.1,0.4,57,8.1
Wesley Matthews,DAL,63,20,43,33.8,3.1,0.7,22.7,6.1,51.2,0.4,54.8,9.7
Will Barton,DEN,81,46,35,33.1,5,1,19.1,10.4,48.7,0.7,52.2,6.4
Willie Cauley-Stein,SAC,73,23,50,28,7,2.5,35.9,13.1,53.5,0.5,55.8,5.2
Willie Reed,DET,42,20,22,10.2,2.9,1.2,42.1,6.5,44.2,0.3,46.5,5
Willy Hernangomez,CHA,48,20,28,10.3,3.8,1.8,46.4,6.8,56.3,0.5,60.4,4.9
Wilson Chandler,DEN,74,41,33,31.7,5.4,1.8,33.4,9.5,56.4,0.4,59.1,7.2
Xavier Munford,MIL,6,2,4,3.5,0.2,0,0,0.2,100,0,100,21.5
Xavier Rathan-Mayes,MEM,5,0,5,23.6,1,0,0,2.4,41.7,0,41.7,10
Xavier Silas,BOS,2,1,1,3.7,1,0.5,50,1.5,66.7,0,66.7,6.1
Yogi Ferrell,DAL,82,24,58,27.8,3,0.5,17.7,6.9,44,0.6,47.9,8.8
Zach Collins,POR,66,41,25,15.8,3.3,1.2,37.1,6.4,52.5,0.4,55.8,5.4
Zach LaVine,CHI,24,9,15,27.3,3.9,0.8,21.3,7.8,50.5,0.3,52.8,6.5
Zach Randolph,SAC,59,18,41,25.6,6.7,2.6,39,12.2,55.1,0.6,58.2,4.6
Zaza Pachulia,GSW,69,47,22,14.1,4.7,1.7,37.1,9,51.6,0.5,54.8,5
Zhou Qi,HOU,18,14,4,6.9,1.2,0.7,54.5,2.8,43.1,0.1,44.9,5.1